id,invoice_number,user_id,period_start,period_end,created_at,country,total,fiscozen_status,fiscozen_submitted_at,fiscozen_error
1,INV-2026-0001,1001,2026-07-01T09:00:00.000Z,2026-08-01T09:00:00.000Z,2026-07-02T10:15:00.000Z,IT,"€ 9,99",pending,,
2,INV-2026-0002,1002,2026-07-02T11:00:00.000Z,2026-08-02T11:00:00.000Z,2026-07-02T14:30:00.000Z,IT,"€ 29,98",pending,,
3,INV-2026-0003,1003,2026-07-03T08:00:00.000Z,2026-08-03T08:00:00.000Z,2026-07-03T12:00:00.000Z,,"€ 14,99",submitted,2026-08-01T09:00:00.000Z,
4,INV-2026-0004,1004,2026-07-05T16:00:00.000Z,2026-08-05T16:00:00.000Z,2026-07-05T16:05:00.000Z,IT,"€ 7,99",skipped,,
5,INV-2026-0005,1005,2026-07-10T10:00:00.000Z,2026-08-10T10:00:00.000Z,2026-07-10T10:12:00.000Z,FR,"€ 19,99",error,,Timeout on Salva
6,INV-2026-0006,1006,2026-07-10T18:00:00.000Z,2026-08-10T18:00:00.000Z,2026-07-10T18:20:00.000Z,IT,"€ 9,99",pending,,
7,INV-2026-0007,1007,2026-08-01T09:30:00.000Z,2026-09-01T09:30:00.000Z,2026-08-01T09:45:00.000Z,IT,"€ 14,99",pending,,
8,INV-2026-0008,1008,2026-08-01T15:00:00.000Z,2026-09-01T15:00:00.000Z,2026-08-01T15:10:00.000Z,,"€ 49,00",pending,,
9,INV-2026-0009,1009,2026-08-15T12:00:00.000Z,2026-09-15T12:00:00.000Z,2026-08-15T12:08:00.000Z,IT,"€ 4,99",pending,,
